supplier-id,kem-id,sticker,quantity,description
01S0027J11-21,IN01S0027J11-21,01S0027J11-21_2512_0.2R_1%.btw,5000,RES SMD(METAL FILM) TGL2512 0.2R 2W 1% -55~170°C
01S1001K11-00,IN01S1001K11-00,01S1001K11-00_0402_1K_1%.btw,10000,RES SMD 0402 1K 1/16W 1% -55~155°C
01S1002K11-00,IN01S1002K11-00,01S1002K11-00_0402_10K_1%.btw,10000,RES SMD 0402 10K 1/16W 1% -55~155°C
01S1003K11-00,IN01S1003K11-00,01S1003K11-00_0402_100K_1%.btw,10000,RES SMD 0402 100K 1/16W 1% -55~155°C
01S1202K11-00,IN01S1202K11-00,01S1202K11-00_0402_12K_1%.btw,10000,RES SMD 0402 12K 1/16W 1% -55~155°C
01S1302K11-00,IN01S1302K11-00,01S1302K11-00_0402_13K_1%.btw,10000,RES SMD 0402 13K 1/16W 1% -55~155°C
01S1501K11-00,IN01S1501K11-00,01S1501K11-00_0402_1K5_1%.btw,10000,RES SMD 0402 1.5K 1/16W 1% -55~155°C
01S1502K11-00,IN01S1502K11-00,01S1502K11-00_0402_15K_1%.btw,10000,RES SMD 0402 15K 1/16W 1% -55~155°C
01S1801K11-00,IN01S1801K11-00,01S1801K11-00_0402_1K8_1%.btw,10000,RES SMD 0402 1.8K 1/16W 1% -55~155°C
01S1802K11-00,IN01S1802K11-00,01S1802K11-00_0402_18K_1%.btw,10000,RES SMD 0402 18K 1/16W 1% -55~155°C
01S2000K11-00,IN01S2000K11-00,01S2000K11-00_0402_200R_1%.btw,10000,RES SMD 0402 200R 1/16W 1% -55~155°C
01S2001K11-00,IN01S2001K11-00,01S2001K11-00_0402_2K_1%.btw,10000,RES SMD 0402 2K 1/16W 1% -55~155°C
01S2002K11-00,IN01S2002K11-00,01S2002K11-00_0402_20K_1%.btw,10000,RES SMD 0402 20K 1/16W 1% -55~155°C
01S2701K11-00,IN01S2701K11-00,01S2701K11-00_0402_2K7_1%.btw,10000,SMD RES 0402 2.7K 1/16W 1% -55~155?
01S3000K11-00,IN01S3000K11-00,01S3000K11-00_0402_300R_1%.btw,10000,RES SMD 0402 300R 1/16W 1% -55~155°C
01S3001K11-00,IN01S3001K11-00,01S3001K11-00_0402_3K_1%.btw,10000,RES SMD 0402 3K 1/16W 1% -55~155°C
01S3002K11-00,IN01S3002K11-00,01S3002K11-00_0402_30K_1%.btw,10000,RES SMD 0402 30K 1/16W 1% -55~155°C
01S3301K11-00,IN01S3301K11-00,01S3301K11-00_0402_3K3_1%.btw,10000,RES SMD 0402 3.3K 1/16W 1% -55~155°C
01S3901K11-00,IN01S3901K11-00,01S3901K11-00_0402_3K9_1%.btw,10000,RES SMD 0402 3.9K 1/16W 1% -55~155°C
01S3902K11-00,IN01S3902K11-00,01S3902K11-00_0402_39K_1%.btw,10000,RES SMD 0402 39K 1/16W 1% -55~155°C
01S4702K11-00,IN01S4702K11-00,01S4702K11-00_0402_47K_1%.btw,10000,RES SMD 0402 47K 1/16W 1% -55~155°C
01S5100K11-00,IN01S5100K11-00,01S5100K11-00_0402_510R_1%.btw,10000,RES SMD 0402 510R 1/16W 1% -55~155°C
01S5101K11-00,IN01S5101K11-00,01S5101K11-00_0402_5K1_1%.btw,10000,RES SMD 0402 5.1K 1/16W 1% -55~155°C
01S5102K11-00,IN01S5102K11-00,01S5102K11-00_0402_51K_1%.btw,10000,RES SMD 0402 51K 1/16W 1% -55~155°C
01S6803K11-00,IN01S6803K11-00,01S6803K11-00_0402_680K_1%.btw,10000,RES SMD 0402 680K 1/16W 1% -55~155°C
01S7502K11-00,IN01S7502K11-00,01S7502K11-00_0402_75K _1%.btw,10000,RES SMD 0402 75K 1/16W 1% -55~155°C
01S9100K11-00,IN01S9100K11-00,01S9100K11-00_0402_910R_1%.btw,10000,SMD RES 0402 910R 1/16W 1% -55~155?
01S9102K11-00,IN01S9102K11-00,01S9102K11-00_0402_91K_1%.btw,10000,SMD RES 0402 91K 1/16W 1% -55~155?
01S0017511-21,IN01S0017511-21,01S0017511-21_2512_0.1R_1%.btw,5000,"SMD RES (Metal Alloy) MA 2512, 0.1R 2W 1% -55~170°C"
01S0057511-21,IN01S0057511-21,01S0057511-21_2512 _0.5R_1%.btw,5000,CHIP RES(Metal film)0.5R 2W 1% -55~170°CTGL2512
01S0759510-03,IN01S0759510-03,01S0759510-03_2512_0.075R_1%.btw,5000,SMD RES 2512 0.075R 2W 1% -55~170? RLP2512
01S1000110-00,IN01S1000110-00,01S1000110-00_1206_100R_1%.btw,5000,RES SMD 1206 100R 1/4W 1% -55~155°C
01S1001110-00,IN01S1001110-00,01S1001110-00_1206_1K_1%.btw,5000,RES SMD 1206 1K 1/4W 1% -55~155°C
01S1001310-00,IN01S1001310-00,01S1001310-00_0603_1K_1%.btw,5000,SMD RES 0603 1K 1/10W 1% -55~155°C
01S1002110-00,IN01S1002110-00,01S1002110-00_1206_10K_1%.btw,5000,RES SMD 1206 10K 1/4W 1% -55~155°C
01S1002310-00,IN01S1002310-00,01S1002310-00_0603_10K_1%.btw,5000,SMD RES 0603 10K 1/10W 1% -55~155°C
01S1003110-00,IN01S1003110-00,01S1003110-00_1206_100K_1%.btw,5000,RES SMD 1206 100K 1/4W 1% -55~155°C
01S1003310-00,IN01S1003310-00,01S1003310-00_0603 _100k _1%.btw,5000,RES SMD 0603 100K 1/10W 1% -55~155°C
01S1004111-00,IN01S1004111-00,01S1004111-00_HV06_1M_1%.btw,5000,RES SMD 1206 1M 1/4W 1% 500V -55~155°C
01S1007121-02,IN01S1007121-02,01S1007121-02_1206_10R_5%.btw,5000,"SMD RES 1206 Anti-Surge, 10R 5% -55~155°C"
01S1103310-00,IN01S1103310-00,01S1103310-00_0603_110K_1%.btw,5000,SMD RES 0603 110K 1/10W 1% -55~155°C
01S1204110-00,IN01S1204110-00,01S1204110-00_1206_1M2_1%.btw,5000,SMD RES 1206 1.2M 1/4W 1% -55~155°C
01S1204310-00,IN01S1204310-00,01S1204310-00_0603_1M2_1%.btw,5000,RES SMD 0603 1.2M 1/10W 1% -55~155°C
01S1302310-00,IN01S1302310-00,01S1302310-00_0603_13K_1%.btw,5000,SMD RES 0603 13K 1/10W 1% -55~155°C
01S1500110-00,IN01S1500110-00,01S1500110-00_1206_150R_1%.btw,5000,RES SMD 1206 150R 1/4W 1% -55~155°C(I)
01S1502110-00,IN01S1502110-00,01S1502110-00_1206_15K_1%.btw,5000,SMD RES 1206 15K 1/4W 1% -55~155°C
01S1502310-00,IN01S1502310-00,01S1502310-00_0603_15K_1%.btw,5000,SMD RES 0603 15K 1/10W 1% -55~155°C
01S1503110-00,IN01S1503110-00,01S1503110-00_1206_150K_1%.btw,5000,RES SMD 1206 150K 1/4W 1% -55~155°C
01S1503210-00,IN01S1503210-00,01S1503210-00_0805_150K_1%.btw,5000,150K 1/8W 1% -55~155? 0805
01S1503310-00,IN01S1503310-00,01S1503310-00_0603_150K_1%.btw,5000,SMD RES 0603 150K 1/10W 1% -55~155°C
01S1602310-00,IN01S1602310-00,01S1602310-00_0603_16K_1%.btw,5000,RES SMD 0603 16K 1/10W 1% -55~155°C
01S1603310-00,IN01S1603310-00,01S1603310-00_0603_160K_1%.btw,5000,SMD RES 0603 160K 1/10W 1% -55~155°C
01S2001310-00,IN01S2001310-00,01S2001310-00_0603_2K_1%.btw,5000,RES SMD 0603 2K 1/10W 1% -55~155°C
01S2002310-00,IN01S2002310-00,01S2002310-00_0603_20K_1%.btw,5000,SMD RES 0603 20K 1/10W 1% -55~155°C
01S2003110-00,IN01S2003110-00,01S2003110-00_1206_200K_1%.btw,5000,RES SMD 1206 200K 1/4W 1% -55~155°C
01S2007121-02,IN01S2007121-02,01S2007121-02_1206_20R_5%.btw,5000,SMD RES 1206 20R 5% -55~155°C Anti-Surge
01S2203110-00,IN01S2203110-00,01S2203110-00_1206_220K_1%.btw,5000,SMD RES 1206 220K 1/4W 1% -55~155°C
01S2401310-00,IN01S2401310-00,01S2401310-00_0603_2K4_1%.btw,5000,SMD RES 0603 2.4K 1/10W 1% -55~155°C
01S2402310-00,IN01S2402310-00,01S2402310-00_0603_24K_1%.btw,5000,SMD RES 0603 24K 1/10W 1% -55~155°C
01S2403110-00,IN01S2403110-00,01S2403110-00_1206_240K_1%.btw,5000,SMD RES 1206 240K 1/4W 1% -55~155°C
01S2701310-00,IN01S2701310-00,01S2701310-00_0603_2K7_1%.btw,5000,SMD RES 0603 2.7K 1/10W 1% -55~155°C
01S2702310-00,IN01S2702310-00,01S2702310-00_0603_27K_1%.btw,5000,SMD RES 0603 27K 1/10W 1% -55~155°C
01S3002310-00,IN01S3002310-00,01S3002310-00_0603_30K_1%.btw,5000,SMD RES 0603 30K 1/10W 1% -55~155°C
01S3004310-00,IN01S3004310-00,01S3004310-00_0603_3M_1%.btw,5000,SMD RES 0603 3M 1/10W 1% -55~155°C
01S3301310-00,IN01S3301310-00,01S3301310-00_0603_3K3_1%.btw,5000,SMD RES 0603 3.3K 1/10W 1% -55~155°C
01S3602110-00,IN01S3602110-00,01S3602110-00_1206_36K_1%.btw,5000,RES SMD 1206 36K 1/4W 1% -55~155°C
01S3907121-02,IN01S3907121-02,01S3907121-02_1206_39R_5%.btw,5000,SMD RES 1206 39R 5% -55~155°C Anti-Surge
01S4301310-00,IN01S4301310-00,01S4301310-00_0603_4K3_1%.btw,5000,4.3K 1/10W 1% -55~155? 0603
01S4302310-00,IN01S4302310-00,01S4302310-00_0603_43K_1%.btw,5000,SMD RES 0603 43K 1/10W 1% -55~155°C
01S4703111-00,IN01S4703111-00,01S4703111-00_1206_470K_1%.btw,5000,RES SMD 470K 1206 1/4W 1% 500V -55~155°C
01S5100310-00,IN01S5100310-00,01S5100310-00_0603_510R_1%.btw,5000,510R 1/10W 1% -55~155? 0603
01S5101310-00,IN01S5101310-00,01S5101310-00_0603_5K1_1%.btw,5000,SMD RES 0603 5.1K 1/10W 1% -55~155°C
01S5102210-00,IN01S5102210-00,01S5102210-00_0805_51K_1%.btw,5000,RES SMD 0805 51K 1/8W 1% -55~155°C
01S5103110-00,IN01S5103110-00,01S5103110-00_1206_510K_1%.btw,5000,SMD RES 1206 510K 1/4W 1% -55~155°C
01S5103310-00,IN01S5103310-00,01S5103310-00_0603_510K_1%.btw,5000,SMD RES 0603 510K 1/10W 1% -55~155°C
01S5108121-02,IN01S5108121-02,01S5108121-02_1206_5R1_5%.btw,5000,"RES SMD 5.1R 1/4W 5% -55 TO 155°C ,SR1206,Anti-Surge"
01S5600110-00,IN01S5600110-00,01S5600110-00_1206_560R_1%.btw,5000,SMD RES 1206 560R 1/4W 1% -55~155°C
01S5601310-00,IN01S5601310-00,01S5601310-00_0603_5K6_1%.btw,5000,SMD RES 0603 5.6K 1/10W 1% -55~155°C
01S5603110-00,IN01S5603110-00,01S5603110-00_1206_560K_1%.btw,5000,SMD RES 1206 560K 1/4W 1% -55~155°C
01S5603210-00,IN01S5603210-00,01S5603210-00_0805_560K_1%.btw,5000,RES SMD 0805 560K 1/8W 1% -55~155°C (I)
01S5607121-02,IN01S5607121-02,01S5607121-02-1206_56R_5%.btw,5000,"SMD RES 1206 56R 1/4W 5% -55 TO 155°C ,SR1206,Anti-Surge"
01S6201110-00,IN01S6201110-00,01S6201110-00_1206_6K2_1%.btw,5000,RES SMD 1206 6.2K 1/4W 1% -55~155°C
01S6803210-00,IN01S6803210-00,01S6803210-00_0805_680K_1%.btw,5000,RES SMD 0805 680K 1/8W 1% -55~155°C Automotive grade
01S7501110-00,IN01S7501110-00,01S7501110-00_1206_7K5_1%.btw,5000,RES SMD 1206 7.5K 1/4W 1% -55~155°C
01S7501310-00,IN01S7501310-00,01S7501310-00_0603_7K5_1%.btw,5000,SMD RES 0603 7.5K 1/10W 1% -55~155°C
01S7502310-00,IN01S7502310-00,01S7502310-00_0603_75K_1%.btw,5000,SMD RES 0603 75K 1/10W 1% -55~155°C
01S7503110-00,IN01S7503110-00,01S7503110-00_1206_750K_1%.btw,5000,SMD RES 1206 750K 1/4W 1% -55~155°C
01S7503310-00,IN01S7503310-00,01S7503310-00_0603_750K_1%.btw,5000,SMD RES 0603 750K 1/10W 1% -55~155°C
01S8201310-00,IN01S8201310-00,01S8201310-00_0603_8K2_1%.btw,5000,8.2K 1/10W 1% -55~155? 0603
01S9102110-00,IN01S9102110-00,01S9102110-00_1206_91K_1%.btw,5000,91K 1/4W 1% -55~155? 1206
01S9103110-00,IN01S9103110-00,01S9103110-00_1206_910K_1%.btw,5000,SMD RES 1206 910K 1/4W 1% -55~155°C
02S1010520-00,IN02S1010520-00,02S1010520-00_0603_101J_50V.btw,5000,CAP SMD 0603 101J/50V COG -55~125°C ±5%
02S1010552-00,IN02S1010552-00,02S1010552-00_0402_101J_50V.btw,10000,CAP SMD 0402 101J/50V COG -55~125°C ±5%
02S1012180-00,IN02S1012180-00,02S1012180-00_1206_101J_1KV.btw,3000,CAP SMD 1206 101J/1KV COG -55~125°C ±5%
02S1020530-00,IN02S1020530-00,02S1020530-00_0603_102K_50V_10%.btw,5000,SMD CAP 0603 102K/50V X7R -55~125°C ±10%
02S1020561-00,IN02S1020561-00,02S1020561-00_0402_102K_50V_10%.btw,10000,CAP SMD 0402 102K/50V X7R -55~125°C ±10%
02S1021990-00,IN02S1021990-00,02S1021990-00_1206_102K_630V_10%.btw,3000,CAP SMD 1206 102K/630V X7R -55~125°C ±10%
02S1030530-00,IN02S1030530-00,02S1030530-00_0603_103K_50V_10%.btw,5000,SMD CAP 0603 103K/50V X7R -55~125°C ±10%
02S1030591-00,IN02S1030591-00,02S1030591-00_0402_103K_50V_10%.btw,10000,CAP SMD 0402 103K/50V X7R -55~125°C ±10%
02S1032180-00,IN02S1032180-00,02S1032180-00_1206_103K_1KV_10%.btw,3000,CAP SMD 1206 103K/1KV X7R -55~125°C ±10%
02S1040201-00,IN02S1040201-00,07S4310001-12,10000,CAP SMD 0402 104K/16V X7R -55~125°C ±10%
02S1040530-00,IN02S1040530-00,02S1040530-00_0603_104K_50V_10%.btw,5000,SMD CAP 0603 104K/50V X7R -55~125°C ±10%
02S1040860-00,IN02S1040860-00,02S1040860-00_0805_104K_10%.btw,3000,CAP SMD 0805 104K/100V X7R -55~125°C ±10%
02S1041290-00,IN02S1041290-00,02S1041290-00_1206_104K_10%.btw,3000,CAP SMD 1206 104K/250V X7R -55~125°C ±10%
02S1050001-00,IN02S1050001-00,02S1050001-00_0402_1UF_10%.btw,10000,CAP SMD 0402 105K/6.3V X7R -55~125°C ±10%
02S1050230-00,IN02S1050230-00,02S1050230-00_0603_105K _16V_10%.btw,5000,CAP SMD 0603 105K/16V X7R -55~125°C ±10%
02S1050360-00,IN02S1050360-00,02S1050360-00_2012 B 1UF.btw,3000,CAP SMD 0805 105K/25V X7R -55~125°C ±10%
02S1050590-00,IN02S1050590-00,02S1050590-00_1206_105K_10%.btw,3000,CAP SMD 1206 105K/50V X7R -55~125°C ±10%
02S1050801-00,IN02S1050801-00,02S1050801-00_1206_105_100V_K.btw,3000,SMD CAP 1206 105K/100V X7R -55~125°C ±10%
02S1521501-37,IN02S1521501-37,02S1521501-37_152M400V TRX 2E(Y5U).btw,3000,SMD Y1-CAP(TMY1152M) 152M/400V TRX 2E(Y5U) -25~85°C(125°C) +22/-56% ±20% 7.8*5.4*2.45 Packing:Reel
02S2200520-00,IN02S2200520-00,02S2200520-00_0603_22P_50V_5%.btw,5000,CAP SMD 0603 (22PF) 220J/50V COG -55~125°C±5%
02S2200551-00,IN02S2200551-00,02S2200551-00_0402_22p_50V_5%.btw,10000,CAP SMD 0402 220J/50V COG -55~125°C ±5%
02S2210510-00,02S4750590-00,02S2210510-00_0603_221J_50V.btw,#N/A,#N/A
02S2210561-00,IN02S2210561-00,02S2210561-00_0402_221J_50V.btw,10000,CAP SMD 0402 221J/50V COG -55~125°C ±5%
02S2212191-00,IN02S2212191-00,02S2212191-00_1206_221J_1KV.btw,3000,CAP SMD 1206 221J/1KV COG -55~125°C ±5%
02S2220561-00,IN02S2220561-00,02S2220561-00_0402_222_50V.btw,10000,CAP SMD 0402 222K/50V X7R -55~125°C ±10%
02S2230301-00,IN02S2230301-00,02S2230301-00_0402_22NF_10%.btw,10000,CAP SMD 0402 223K/25V X7R -55~125°C ±10%
02S2230530-00,IN02S2230530-00,02S2230530-00_0603_223K_10%.btw,5000,CAP SMD 0603 223K/50V X7R -55~125? ±10%
02S2240330-00,IN02S2240330-00,02S2240330-00_0603_224K_10%.btw,5000,SMD CAP 0603 224K/25V X7R -55~125°C ±10%
02S2240590-00,IN02S2240590-00,02S2240590-00_1206_224K_50V_1%.btw,3000,SMD CAP 1206 224K/50V X7R -55~125°C ±10%
02S2260190-00,IN02S2260190-00,02S2260190-00_1206_226k_10%.btw,3000,CAP SMD 1206 226K/10V X7R -55~125°C ±10%
02S3320530-00,IN02S3320530-00,02S3320530-00_0603_332_50V.btw,5000,CAP SMD 0603 332K/50V X7R -55~125°C ±10%
02S3330201-00,IN02S3330201-00,02S3330201-00_0402_33NF_10%.btw,10000,CAP SMD 0402 333K/16V X7R -55~125°C ±10%
02S3340330-00,IN02S3340330-00,02S3340330-00_0603_334_25V_10%.btw,5000,CAP SMD 0603 334K/25V X7R -55~125°C±10%
02S3340560-00,IN02S3340560-00,02S3340560-00_0805_334K_10%.btw,3000,CHIP CAP 334K/50V X7R -55~125°C ±10% 0805
02S4702181-00,IN02S4702181-00,02S4702181-00_1206_47P_5%.btw,3000,CAP SMD 1206(47PF) 470J/1KV NP0 -55~125°C ±5%
02S4710521-00,IN02S4710521-00,02S4710521-00_0603_471J_50V.btw,5000,SMD CAP 0603 471J/50V COG -55~125°C ±5%
02S4710591-00,IN02S4710591-00,02S4710591-00_0402_471J_50V.btw,10000,CAP SMD 0402 471J/50V COG -55~125°C ±5%
02S4712190-00,IN02S4712190-00,02S4712190-00_1206_471K_10%.btw,3000,CAP SMD 1206 471K/1KV X7R -55~125°C ±10%
02S4720561-00,IN02S4720561-00,02S4720561-00_472_50V_10%.btw,10000,CAP SMD 0402 472K/50V X7R -55~125°C ±10%
02S4730530-00,IN02S4730530-00,02S4730530-00_0603_473K50V_10%.btw,5000,CAP SMD 0603 473K/50V X7R -55~125? ±10%
02S4740230-00,IN02S4740230-00,02S4740230-00_0603_474_16V_10%.btw,5000,SMD CAP 0603 474K/16V X7R -55~125°C ±10%
02S4750590-00,IN02S4750590-00,02S4750590-00_1206_475K_50V_10%.btw,3000,CAP SMD 1206 475K/50V X7R -55~125°C ±10%
02S6812190-00,IN02S6812190-00,02S6812190-00_1206_681K_10%.btw,3000,CAP SMD 1206 681K/1KV X7R -55~125°C ±10%
03S3216003-13,IN03S3216003-13,03S3216003-13_BPH323023W5-400T.btw,3000,BPH323023W5-400T Idc=26A Rdc=0.6mO 3230 -40~125°C Packing:Reel
04S1010001-20,IN04S1010001-20,04S1010001-20_SMAJ10 0A.btw,3000,SMD TVS Diode 214AC) SMAJ100A(111~123V) -65~150°C SMA(DO-214AC) Packing:Reel
04S1710001-20,IN04S1710001-20,04S1710001-20_SMAJ170A.btw,3000,"SMD TVS Diode SMAJ170A(189~209V) -65~150°C SMA Packing:Reel,"
04S6010001-16,IN04S6010001-16,,3000,ELECTRODE SMD GAS DISCHARGE TUBE S30-A600XS(450~750V) 4.5*3.2*2.7 -40~90°C SMD Packing:Reel
04S6010501-21,IN04S6010501-21,04S6010501-21_BF601M.btw,3000,SMD CHIP Gas Discharge Tube BF601M(480~720V) 4.2*5.0*5.0 -40~125°C SMD Packing:Reel
05S0000001-00,IN05S0000001-00,IN02S1021501-37,3000,CHIP Pad SMA-SD T=3.4 4.6*2.6*3.4
05S1414800-06,IN05S1414800-06,05S1414800-06_1N4148W-TP.btw,3000,DIODE SMD 1N4148W-TP 0.15A/100V 150°C SOD-123 PACKING : REEL
05S1600000-06,IN05S1600000-06,05S1600000-06_BAS16W.btw,3000,SMD SWITCHING DIODE BAS16WX-TP 0.1A/75V 150°C SOD-323 Packing:Reel
05S2000002-03,IN05S2000002-03,05S2000002-03_GU2M.btw,3000,DIODE SMD FAST GU2M 2A/1KV Trr=75ns -50~150°C SMB(DO-214AA) Packing:Reel
05S2000004-06,IN05S2000004-06,05S2000004-06_US2M-TP.btw,3000,DIODE SMD SMB(DO-214AA) US2M-TP 2A/1KV Trr=75ns -50~150°C
05S3161000-18,IN05S3161000-18,05S3161000-18_LM3Z16VT1G 16V.btw,3000,LM3Z16VT1G 16(15.3~17.1)V -65~150°C 1/5W SOD-323 Reel
05S3331000-18,IN05S3331000-18,05S3331000-18_LM3Z3V3T1G.btw,3000,DIODE SMD ZENER LM3Z3V3T1G 3.3V 1/5W 150°C SOD-323 Packing:Reel
05S3600001-17,IN05S3600001-17,05S3600001-17_MUR360S 3A600V.btw,3000,DIODE SMD U-FAST DIODE MUR360S 3A/600V -60~150°C SMC(DO-214AB) PACKING REEL
05S5239000-06,IN05S5239000-06,05S5239000-06_MMSZ5239B-TP 9.1V.btw,3000,SMD Zener Diode MMSZ5239B-TP 9.1V 1/2W SOD-123 Packing:Reel
05S5242100-18,IN05S5242100-18,05S5242100-18_LMSZ5242BT1G 12V.btw,3000,DIODE SMD ZENER SOD-123 LMSZ5242BT1G 12V 1/2W 125°C
05S5245100-18,IN05S5245100-18,05S5245100-18_LMSZ5245BT1G 15V.btw,3000,DIODE SMD ZENER LMSZ5245BT1G 15V 1/2W 125°C SOD-123 Packing:Reel
05S5248100-18,IN05S5248100-18,05S5248100-18_LMSZ5248BT1G 18V.btw,3000,CHIP ZENER DIODE LMSZ5248BT1G 18V 1/2W 125°C SOD-123 PACKING:REEL
05S5251100-18,IN05S5251100-18,05S5251100-18_LMSZ5251BT1G 22V.btw,3000,LMSZ5251BT1G 22V 1/2W 125°C SOD-123 Packing:Reel
05S5254100-18,IN05S5254100-18,05S5254100-18_LMSZ5254BT1G 27V.btw,3000,SMD ZENER DIODE LMSZ5254BT1G 27V 1/2W 125°C SOD-123 Packing:Reel
05S5256000-06,IN05S5256000-06,05S5256000-06_MMSZ5256B-TP 30V.btw,3000,SMD DIODE MMSZ5256B-TP 30V 1/2W SOD-123 Packing:Reel
05SGU1M000-03,IN05SGU1M000-03,05SGU1M000-03_ GU1M 1A.btw,7500,SMD U FAST DIODE GU1M 1A/1KV 150°C SMA(DO-214AC)Packing:Reel
05SM700000-06,IN05SM700000-06,05SM700000-06_M7-TP.btw,6000,DIODE SMD RECTIFIER M7 1A/1KV SAME(DO-214AC)Packing:Reel
06S1170201-23,IN06S1170201-23,06S1170201-23 _SVSP11N70DD2TR.btw,6000,TRANSISTOR SMD N-MOS SVSP11N70DD2TR 11A/650V RDS(on)=420mOmax(ID=5.5A) -55-150°CTO-252-2L Packing:Reel
06S1170201-23,IN06S1170201-23,06S1170201-23 _SVSP11N70DD2TR.btw,6000,TRANSISTOR SMD N-MOS SVSP11N70DD2TR 11A/650V RDS(on)=420mOmax(ID=5.5A) -55-150°CTO-252-2L Packing:Reel
06S1270001-07,IN06S1270001-07,06S1270001-07_BSS127.btw,6000,"SMD N-MOS, BSS127 0.021A/600V RDS(on)=500 max(ID=0.016A) -55~150°C PG-SOT-23 Packing:Reel"
06S2222001-24,IN06S2222001-24,06S2222001-24_LMBT2222ALT1G.btw,2500,TRANSISTOR SMD LMBT2222ALT1G 0.6A/40V NPN -55~150°C SOT-23 Packing:Reel
06S2700201-24,IN06S2700201-24,06S2700201-24_L2N7002KLT1G.btw,3000,TRANSISTOR SMD CHIP N-MOS L2N7002KLT1G 0.32A/60V RDS(on)=2.3 Ohm max(ID=500mA) -55~150°C SOT-23 PACKING:REEL
06S2907001-24,IN06S2907001-24,06S2907001-24_LMBT2907ALT1G.btw,3000,TRANSISTOR SMD LMBT2907ALT1G 0.6A/60V PNP -55~150°C SOT-23 Packing:Reel
06S5616001-20,IN06S5616001-20,06S5616001-20_BCX56.btw,2500,CHIP TRANSISTOR BCX56-16 1A/80V NPN 150°C SOT-89 PACKING : REEL
07A4853000-07,IN07A4853000-07,07A4853000-07_TDA4863-2G.btw,2500,IC SMD PFC TDA4863-2G PG-DSO-8-3 Packing:Reel
07C8170003-10,IN07C8170003-10,07C8170003-10_EL871S.btw,2500,PHOTO COUPLER SMD EL817S1(C)(TU)-F(CTR:200~400)
07M3211000-01,IN07M3211000-01,07M3211000-01_AS321KTR-G1.btw,2500,SMD Operational Amplifier IC AS321KTR-G1 SOT-23-5 Packing:Reel
07M4310000-01,IN07M4310000-01,07M4310000-01_AP4310AMTR-G1.btw,2500,IC SMD SOIC-8 OPERATIONAL AMPLIFIER AP4310AMTR-G1 Vref:2.5V
07S1399201-02,IN07S1399201-02,07S1399201-02_ NCP1399ACDR2G.btw,2500,IC SMD SOIC-16 NCP1399ACDR2G -40~125°C
07S3011801-02,IN07S3011801-02,07S3011801-02_NCL30188BDR2G.btw,2500,NCL30188BDR2G VREF:250mV -40~125°C SOIC-8 NB Packing:Reel
07s3018601-02,IN07s3018601-02,07s3018601-02_NCL30186BDR2G.btw,2500,SMD PFC IC NCL30186BDR2G VREF:250mV -40~125°C SOIC-10 Packing:Reel
07S3210001-49,IN07S3210001-49,07S3210001-49_LM321A-TR.btw,2500,IC SMD OPERATIONAL AMPLFIER LM321A-TR -40~125? SOT23-5 Packing:Reel
07S4310001-12,IN07S4310001-12,07S4310001-12_LA431OCRPA.btw,2500,IC SMD V-REG LA431OCRPA SOT23-3L Vref:2.495V Packing:Reel
07S4320001-12,IN07S4320001-12,07S4320001-12_LA432OCRPA.btw,2500,V-Reg IC SMD LA432OCRPA SOT23-3L Vref:1.24V Packing:Reel
01S2402K11-00,IN01S2402K11-00,01S2402K11-00_0402_24K_1%.btw,10000,RES SMD 0402 24K 1/16W 1% -55~155°C
01S3003K11_04,IN01S3003K11_04,01S3003K11_0402_300K_1%.btw,5000,#N/A
01S3007K11-00,IN01S3007K11-00,01S3007K11-00_0402_30R_1%.btw,10000,RES SMD 0402 30R 1/16W 1% -55~155°C
01S6202K11-00,IN01S6202K11-00,01S6202K11-00_0402_62K_1%.btw,10000,RES SMD 0402 62K 1/16W 1% -55~155°C
01S8201K11-00,IN01S8201K11-00,01S8201K11-00_0402_8K2_1%.btw,10000,RES SMD 0402 8.2K 1/16W 1% -55~155°C
01S9101K11-00,IN01S9101K11-00,01S9101K11-00_0402_9K1_1%.btw,10000,RES SMD 0402 9.1K 1/16W 1% -55~155°C
01S0037511_21,IN01S0037511_21,01S0037511_21_2512_0R3_1%.btw,5000,#N/A
01S1003311-13,IN01S1003311-13,01S1003311-13_0603_100K_1%.btw,5000,SMD CHIP Thermistor RES 0603 JSNB104F405F 100K 1/10W 1% -40~125°C Packing:Reel
01S1203110-00,IN01S1203110-00,01S1203110-00_1206_120K_1%.btw,5000,RES SMD 1206 120K 1/4W 1% -55~155°C
01S1802310-00,IN01S1802310-00,01S1802310-00_0603_18K_1%.btw,5000,SMD RES 0603 18K 1/10W 1% -55~155°C
01S3003110-00,IN01S3003110-00,,5000,SMD RES 1206 300K 1/4W 1% -55~155°C
01S3303111-00,IN01S3303111-00,01S3303111-00_1206_330K_1%.btw,5000,RES SMD 1206 330K 1/4W 1% 500V -55~155°C
01S5104110-00,IN01S5104110-00,01S5104110-00_1206_5M1_1%.btw,5000,RES SMD 1206 5.1M 1/4W 1% -55~155°C Automotive grade
01S6201310-00,IN01S6201310-00,01S6201310-00_0603_6.2K_1%.btw,5000,RES SMD 0603 6.2K 1/10W 1% -55~155°C
02S1031990-00,IN02S1031990-00,02S1031990-00_1206_103K_630V_10%.btw,3000,CAP SMD 1206 103K/630V X7R -55~125°C ±10%
02S1040560-00,IN02S1040560-00,02S1040560-00_0805_104_50V_K.btw,3000,CAP SMD 0805 104K/50V X7R -55~125°C ±10%
02S1060301-00,IN02S1060301-00,02S1060301-00_1206_106K_25V_10%.btw,3000,CAP SMD 1206 106K/25V X7R -55~125°C ±10%
02S2250360-00,IN02S2250360-00,02S2250360-00_0808_225K_25V_10%.btw,3000,CAP SMD 0805 225K/25V X7R -55~125°C±10%
02S4700531-00,IN02S4700531-00,02S4700531-00_0402_47P_50V_J.btw,10000,CAP SMD 0402 470J/50V COG -55~125°C ±5%
03S3216001-13,IN03S3216001-13,03S3216001-13_HCB3216KF.btw,3000,BEAD CORE CHIP CB3216KF-300T80 Idc=8A Rdc=0.01? Z=30? 3216 -55~125°C Packing:Reel
05S1000000-10,IN05S1000000-10,05S1000000-10_ES1D 1A200V.btw,3000,DIODE SMD ES1D SMA(DO-214AC) 1A/200V VF=0.92Vmax(IF=1A) Trr?35ns 150°C
05S5262000-18,IN05S5262000-18,05S5262000-18_LMLMSZ5262BT1G 51.btw,3000,DIODE SMD ZENER SOD-123 LMSZ5262BT1G 51(48.45~53.55)V -55~150°C 1/2W
07A6562000-05,IN07A6562000-05,07A6562000-05_L6562DTR.btw,2500,IC SMD SO-8 L6562DTR VCCon:12V
06S7702001-23,IN06S7702001-23,06S7702001-23_SVSP7N70DD2TR.btw,2500,MOS SMD N-MOS SVSP7N70DD2TR 7A/650V RDS(on)=0.6?max(ID=3.5A) -55~150? TO-252-2L Packing:Reel
01S8202K11-00,IN01S8202K11-00,01S8202K11-00_0402_82K_1%.btw,10000,RES SMD 0402 82K 1/16W 1% -55~155?
01S0017511-03,IN01S0017511-03,01S0017511-03_2512_0.1 OHM_1%.btw,5000,RES SMD 0.1R RLP2512 2W 1% -55~170?
01S1303310-00,IN01S1303310-00,01S1303310-00_0603_130K_1%.btw,5000,CHIP RES 130K 1/10W 1% -55~155°C 0603
02S4720530-00,IN02S4720530-00,02S4720530-00_0603_9BB_472.btw,5000,CHIP CAP 472K/50V X7R -55~125°C ±10% 0603
01S1103110-00,IN01S1103110-00,01S1103110-00_1206_110K_1%.btw,5000,SMD RES 1206 110K 1/4W 1% -55~155°C
02S4731990-00,IN02S4731990-00,02S4731990-00_1206_47NF_10%.btw,3000,SMD CAP 1206 473K/630V X7R -55~125°C ±10%
01S5102310-00,IN01S5102310-00,01S5102310-00_0603_51K_1%.btw,5000,SMD RES 0603 51K 1/10W 1% -55~155°C
05S3121000-18,IN05S3121000-18,05S3121000-18_LM3Z12VT1G.btw,3000,CHIP ZENER DIODE LM3Z12VT1G 12V 1/5W 150°C SOD-323 PACKING:REEL
01S1303110-00,IN01S1303110-00,01S1303110-00_1206_130k_1%.btw,5000,RES SMD 1206 130K 1/4W 1% -55~155°C
05S2000001-06,IN05S2000001-06,05S2000001-06_US2Q-TP.btw,3000,US2Q 2A/1200V VF=1.7Vmax(IF=2A) Trr = 100ns -50~150°C SMB(DO-214AA) Packing:Reel
01S2703310-00,IN01S2703310-00,01S2703310-00_0603_270K_1%.btw,5000,CHIP RES 270K 1/10W 1% -55~155°C 0603
05S5235100-18,IN05S5235100-18,05S5235100-18_LMSZ5235BT1G.btw,3000,CHIP ZENER DIODE LMSZ5235BT1G 6.8V 1/2W 125°C SOD-123 PACKING:REEL
01S4707121-02,IN01S4707121-02,01S4707121-02_1206_47R_5%.btw,5000,SMD RES 1206 47R 5% -55~155°C Anti-Surge
01S3902310-00,IN01S3902310-00,01S3902310-00_0603_39K_1%.btw,5000,RES SMD 39K 1/10W 1% -55~155? 0603
01S2202310-00,IN01S2202310-00,01S2202310-00_0603_22K_1%.btw,5000,SMD RES 0603 22K 1/10W 1% -55~155°C
01S2201310-00,IN01S2201310-00,01S2201310-00_0603_2K2_1%.btw,5000,SMD RES 0603 2.2K 1/10W 1% -55~155°C
05S5236100-18,IN05S5236100-18,05S5236100-18_LMSZ5236BT1G.btw,3000,DIODE SMD ZENER LMSZ5236BT1G 7.5V 1/2W 125°C SOD-123 Packing:Reel
01S3601310-00,IN01S3601310-00,01S3601310-00_0603_3K6_1%.btw,5000,SMD RES 0603 3.6K 1/10W 1% -55~155°C
01S3003310-00,IN01S3003310-00,01S3003310-00_0603_300K_1%.btw,5000,SMD RES 0603 300K 1/10W 1% -55~155°C
01S5107110-00,IN01S5107110-00,01S5107110-00_1206_51R_1%.btw,5000,SMD RES 1206 51R 1/4W 1% -55~155°C
01S2404110-00,IN01S2404110-00,01S2404110-00_1206_2M4_1%.btw,5000,SMDRES 1206 2.4M 1/4W 1% -55~155°C
01S2004310-00,IN01S2004310-00,01S2004310-00_0603_2M_1%.btw,5000,SMD RES 0603 2M 1/10W 1% -55~155°C
01S7500310-00,IN01S7500310-00,01S7500310-00_0603_750R_1%.btw,5000,SMD RES 0603 750R 1/10W 1% -55~155°C
01S1101310-00,IN01S1101310-00,01S1101310-00_0603_1K1_1%.btw,5000,SMD RES 0603 1.1K 1/10W 1% -55~155°C
01S2003310-00,IN01S2003310-00,01S2003310-00_0603_200K_1%.btw,5000,SMD RES 0603 200K 1/10W 1% -55~155°C
01S1004310-00,IN01S1004310-00,01S1004310-00_0603_1M_1%.btw,5000,SMD RES 0603 1M 1/10W 1% -55~155°C
01S1301310-00,IN01S1301310-00,01S1301310-00_0603_1K3_1%.btw,5000,RES SMD 0603 1.3K 1/10W 1% -55~155?
01S6801310-00,IN01S6801310-00,01S6801310-00_0603_6K8_1%.btw,5000,SMD RES 0603 6.8K 1/10W 1% -55~155°C
01S1501310-00,IN01S1501310-00,01S1501310-00_0603_1K5_1%.btw,5000,SMD RES 0603 1.5K 1/10W 1% -55~155°C
01S0000120-00,IN01S0000120-00,01S0000120-00_1206_0R_5%.btw,5000,RES SMD 1206 0R 1/4W 5% -55~155°C
01S0568Y11-00,IN01S0568Y11-00,01S0568Y11-00_1206_0.56R_1%.btw,5000,"SMD RES 1206 Anti-Surge, 0.56R 1% -55~155? 120"
01S1500K11-00,IN01S1500K11-00,01S1500K11-00_0402_150 OHM_1%.btw,10000,"SMD RES 0402, 150R 1/16W 1% -55~155?"
01S1503K11-00,IN01S1503K11-00,01S1503K11-00_0402_150K_1%.btw,10000,"SMD RES 0402, 150K 1/16W 1% -55~155?"
01S1504K11-00,IN01S1504K11-00,01S1504K11-00_0402_1M5_1%.btw,10000,"SMD RES 0402, 1.5M 1/16W 1% -55~155"
01S1601K11-00,IN01S1601K11-00,01S1601K11-00_0402_1k6_1%.btw,10000,"SMD RES 0402, 1.6K 1/16W 1% -55~155°C"
01S1602K11-00,IN01S1602K11-00,01S1602K11-00_0402_16K_1%.btw,10000,"SMD RES 0402, 16K 1/16W 1% -55~155?"
01S2202K11-00,IN01S2202K11-00,01S2202K11-00_0402_22K_1%.btw,10000,"SMD RES 0402, 22K 1/16W 1% -55~155°C"
01S2702K11-00,IN01S2702K11-00,01S2702K11-00_0402_27K_1%.btw,10000,"SMD RES 0402, 27K 1/16W 1% -55~155?"
01S3302K11-00,IN01S3302K11-00,01S3302K11-00_0402_33K_1%.btw,10000,"SMD RES 0402, 33K 1/16W 1% -55~155?"
01S3602K11-00,IN01S3602K11-00,01S3602K11-00_0402_36K_1%.btw,10000,RES SMD 0402 36K 1/16W 1% -55~155°C
01S4301K11-00,IN01S4301K11-00,01S4301K11-00_0402_4k3_1%.btw,10000,RES SMD 0402 4.3K 1/16W 1% -55~155°C
01S6200K11-00,IN01S6200K11-00,01S6200K11-00_0402_620 OHM_1%.btw,10000,"SMD RES 0402, 620R 1/16W 1% -55~155?"
01S0018512-03,IN01S0018512-03,01S0018512-03_2512_0.01R_1%.btw,5000,"SMD RES (METAL Alloy) 2512, 0.01R 2W 1% -55~170? RLP2512"
01S0037511-21,IN01S0037511-21,01S0037511-21_2512_0.3R_1%.btw,5000,RES SMD (METAL FILM)0.3R 2W 1% -55~170°C TGL2512
01S0158511-03,IN01S0158511-03,01S0158511-03_2512_0.15 OHM_1%.btw,5000,RES SMD (METAL ALLOY)0.15R 2W 1% -55~170°C RLP2512
01S0759510-11,IN01S0759510-11,01S0759510-11_2512_0.075R_1%.btw,5000,"SMD RES 2512 (LR2512-22R075F4)(Metal Alloy), 0.075R 2W 1% -55~170°C"
01S0828110-00,IN01S0828110-00,01S0828110-00_1206_82R_1%.btw,5000,"SMD RES 1206, 0.82R, 1/4W, 1% -55~155"
01S1008110-00,IN01S1008110-00,,5000,SMD RES 1206 1R 1/4W 1% -55~155?
01S2002321-13,IN01S2002321-13,01S2002321-13_0603_2K_5%.btw,5000,"SMD THERMISTOR RES 0603, NTC 2K 1/10W 5% -40~125? Packing:Reel"
01S2701210-00,IN01S2701210-00,01S2701210-00_0805_2K7_1%.btw,5000,"SMD RES 0805, 2.7K 1/8W 1% -55~155?"
01S2703110-00,IN01S2703110-00,01S2703110-00_1206_270K_1%.btw,5000,"SMD RES 1206, 270K 1/4W 1% -55~155?"
01S3002210-00,IN01S3002210-00,01S3002210-00_0805_30K_1%.btw,5000,RES SMD 0805 30K 1/8W 1% -55~155°C
01S4302110-00,IN01S4302110-00,01S4302110-00_1206_43K_1%.btw,5000,"SMD RES 1206, 43K, 1/4W, 1% -55~155°C"
01S4701110-00,IN01S4701110-00,01S4701110-00_1206_4K7_1%.btw,5000,"SMD RES 1206, 4.7K 1/4W 1% -55~155?"
01S4701310-00,IN01S4701310-00,01S4701310-00_0603_4K7_1%.btw,5000,"SMD RES 0603, 4.7K 1/10W 1% -55~155"
01S5100340-00,IN01S5100340-00,01S5100340-00_0603_510R_.btw,5000,"SMD RES 0603, 510R 1/10W 0.1% -55~1"
02S1002101-00,IN02S1002101-00,02S1010552-00,3000,"SMD CAP 1206 (10PF), 100J/1KV NP0 -55~125°C ±5%"
02S1060290-00,IN02S1060290-00,02S1060290-00_1206_10UF_16V_10%.btw,3000,"SMD CAP 1206, 106K/16V X7R -55~125?"
02S3320530-00,IN02S3320530-00,02S3320530-00_0603_332_50V.btw,5000,CAP SMD 0603 332K/50V X7R -55~125°C ±10%
02S3330530-0,IN 02S3330530-0,02S3330530-00_0603_333_50v_10%.btw,#N/A,#N/A
02S4722190-00,IN02S4722190-00,02S4722190-00_1206_472K_1KV_10%.btw,3000,CAP SMD 1206 472K/1KV X7R -55~125°C ±10%
02S4750390-00,IN02S4750390-00,02S4750390-00_1206_475_25V_10%.btw,3000,"SMD CAP 1206, 475K/25V X7R -55~125? ±10%"
03S3216001-09,IN03S3216001-09,03S3216001-09_300 OHM_1206_25%.btw,3000,CHIP BEAD CORE (MULTILAYER -SMD-FERRITE)EPBY321611T-301Y-N Idc=3A Rdc=0.06O Z=300O 1206 -40~125? PACKING REEL
04S2500001-02,IN04S2500001-02,04S2500001-02_SMAJ250CA.btw,3000,"SMD TVS Diode, SMAJ250CA(279~309V) SMA(DO-214AC)"
04S6010001-19,IN04S6010001-19,04S6010001-19_ACPA4532-600LF_780V.btw,3000,SMD GAS DISCHARGE TUBE ACPA4532-600LF(420~780V) 4.5*3.2*2.7 -40~105°C SMD Packing:Reel
05S3000001-17,IN05S3000001-17,05S3000001-17_GS3JB.btw,3000,Chip Rectifier Diode GS3JB 3A/600V 150? SMB(DO-214AA) Packing:Reel
05S3600001-10,IN05S3600001-10,05S3600001-10_MURS360.btw,3000,"SMD U FAST DIODE, MURS360 3A/600V -55~175°C SMC(DO-214AB)Packing:Reel"
05S5218000-06,IN05S5218000-06,05S5218000-06_BZT52C18S-TP 18V.btw,3000,SMD ZENER DIODE BZT52C18S-TP 18V 1/5W 150? SOD-323 Packing:Reel
05S5243100-18,IN05S5243100-18,05S5243100-18_LMSZ5243BT1G.btw,3000,"SMD Zener Diode, LMSZ5243BT1G 13V 1/2W,SOD-123 Packing:Reel,"
05S5244100-18,IN05S5244100-18,05S5244100-18_LMSZ5244BT1G.btw,3000,CHIP ZENER DIODE 14V 1/2W SOD-123 Packing:Reel
05S5245000-06,IN05S5245000-06,05S5245000-06_MMSZ5245B-TP.btw,3000,"SMD Zener Diode, MMSZ5245B-TP, 15V, 1/2W, SOD-123 Packing:Reel"
06S6072001-11,IN06S6072001-11,06S6072001-11_AP60PN72REN.btw,2500,"CHIP N-MOS AP60PN72REN 0.053A/600V RDS(on)=72?max(VGS=10V,ID=50mA) -55~150? SOT-23 Packing:Reel"
06S7042001-23,IN06S7042001-23,06S7042001-23_SVS70R420DE3TR.btw,2500,"SMD N-MOS, SVS70R420DE3TR 11A/650V, RDS(on)=420m?max(ID=5.5A) -55-150°C TO-252-2L Packing:Reel"
07C1019000-10,IN07C1019000-10,07C1019000-10_EL1019.btw,2500,SMD Photo Coupler EL1019(TA)-VG(CTR:200~400) Packing:Reel
07S2801201-02,IN07S2801201-02,07S2801201-02_NCL2801CDADR2G.btw,2500,"SMD PFC IC, SOIC- 8 NCL2801CDADR2G, NCL2801CDADR2G -40~15 Packing:Reel"
07S7252101-49,IN07S7252101-49,07S7252101-49_TPA7252A.btw,2500,"SMD Operational amplifier IC, TPA7252A-SO1R -40~125? Vref:2.5V SOP8 Packing:Reel"
01S3003K11-00,IN01S3003K11-00,01S3003K11_0402_300K_1%.btw,10000,RES SMD 0402 300K 1/16W 1% -55~155°C
01S3601K11-00,IN01S3601K11-00,01S3601K11-00_0402_3K6_1%.btw,10000,RES SMD 0402 3.6K 1/16W 1% -55~155?
01S4302K11-00,IN01S4302K11-00,01S4302K11-00_0402_43K_1%.btw,10000,RES SMD 0402 43K 1/16W 1% -55~155?
01S6802K11-00,IN01S6802K11-00,01S6802K11-00_0402_68K_1%.btw,10000,RES SMD 0402 68K 1/16W 1% -55~155?
01S5102110-00,IN01S5102110-00,01S5102110-00_1206_51k_1%.btw,5000,RES SMD 1206 51K 1/4W 1% -55~155°C
02S1530301-00,IN02S1530301-00,02S1530301-00_0402_15NF_10%.btw,10000,CAP SMD 0402 153K/25V X7R -55~125? ±10%
05S3600000-12,IN05S3600000-12,05S3600000-12_MUR360S.btw,3000,DIODE SMD U-FAST DIODE MUR360S 3A/600V -65~175°C SMC(DO-214AB)
05SGS3J000-03,IN05SGS3J000-03,05SGS3J000-03_GS3J-B_3A.btw,3000,DIODE SMD RECTIFIER GS3J-B 3A/600V SMB/DO-214AA Packing:Reel
01S5100110-00,IN01S5100110-00,01S5100110-00_1206_510_1%.btw,5000,"RES SMD 1206, 510R 1/4W 1% -55~155°C"
05S5239100-18,IN05S5239100-18,05S5239100-18_LMSZ5239BT1G.btw,3000,CHIP ZENER DIODE 9.1V 1/2W SOD-123 Packing:Reel
01S1101K11-00,IN01S1101K11-00,01S1101K11-00_0402_1k1_1%.btw,10000,RES SMD 0402 1.1K 1/16W 1% -55~155°C
01S1203K11-00,IN01S1203K11-00,01S1203K11-00_120k_1%.btw,10000,SMD RES 0402 120K 1/16W 1% -55~155°C
01S1500K11-00,IN01S1500K11-00,01S1500K11-00_0402_150 OHM_1%.btw,10000,"SMD RES 0402, 150R 1/16W 1% -55~155?"
01S2201K11-00,IN01S2201K11-00,01S2201K11-00_0402_2k2_1%.btw,10000,RES SMD 0402 2.2K 1/16W 1% -55~155?
01S6201K11-00,IN01S6201K11-00,01S6201K11-00_6K2-1%.btw,10000,SMD RES 0402 6.2K 1/16W 1% -55~155°C
01S0018511-21,IN01S0018511-21,01S0018511-21_2512_1%_0.05.btw,5000,RES SMD (METAL ALLOY) 0.05R 2W 1% -55~170? MA2512)
01S0018512-21,IN01S0018512-21,01S0018512-21_2512_0.03r_1%.btw,5000,RES SMD (METAL ALLOY) 0.03R 2W 1% -55~170°C MA2512
01S3901110-00,IN01S3901110-00,01S3901110-00_1206_3K9_1%.btw,5000,SMD RES 1206 3.9K 1/4W 1% -55~155°C
01S3902110-00,IN01S3902110-00,01S3902110-00_39k_1206_1% - Copy.btw,5000,RES SMD 1206 39K 1/4W 1% -55~155?
01S4702210-00,IN01S4702210-00,01S4702210-00_47k_1%.btw,5000,"SMD RES 0805, 47K 1/8W 1% -55~155?"
01S5101110-00,IN01S5101110-00,01S5101110-00_5k1_1%.btw,5000,RES SMD 1206 5.1K 1/4W 1% -55~155°C
01S6800310-00,IN01S6800310-00,01S6800310-00_680 OHM _1%.btw,5000,RES SMD 0603 680R 1/10W 1% -55~155°C
01S7501110-00,IN01S7501110-00,01S7501110-00_1206_7K5_1%.btw,5000,RES SMD 1206 7.5K 1/4W 1% -55~155°C
02S4730201-00,IN02S4730201-00,02S4730201-00_47NF_10%.btw,10000,SMD CAP 0402 473K/16V X7R -55~125°C ±10%
04S1020001-21,IN04S1020001-21,04S1020001-21_BF102M.btw,3000,SMD GAS DISCHARGE TUBE BF102M(800~1200V) 4.2*5*5 -40~125°C SMD Packing:Reel
04S2516101-21,IN04S2516101-21,04S2516101-21_BV-SMAJ250CA.btw,3000,"SMD TVS DIODE (BV-SMAJ250CA),BV-SMAJ250CA(279~309V) -50~150? SMA(DO-214AC) Packing:Reel"
04S3620601-16,IN04S3620601-16,04S3620601-16_EM360XSMD.btw,3000,SMD GAS DISCHARGE TUBE EM3600XSMD(2880~4320V) F5.5*6*6 -40~125°C SMD Packing:Reel
05S1000001-41,IN05S1000001-41,05S1000001-41 _ES1 1A.btw,3000,"SMD U-FAST DIODE, ES1D 1A/200V VF=0.95Vmax(IF=1A) Trr?35ns -55~150? SMA(DO-214AC) Packing:Reel"
05S3000001-18,IN05S3000001-18,05S3000001-18_S3MB.btw,3000,"SMD RECTIFIER DIODE, S3MB 3A/1KV VF=1.1Vmax(IF=3A) -55-150? SMB(DO-214AA) Packing:Reel"
05S3080001-18,IN05S3080001-18,05S3080001-18_EFMC308,3000,"SMD U-FAST DIODE, EFMC308 3A/600V VF=1.7Vmax(IF=3A) -50~150? SMC(DO-214AB) Packing:Reel"
05S3181000-18,IN05S3181000-18,05S3181000-18_LM3Z18VT1G.btw,3000,"SMD Zener Diode, LM3Z18VT1G 18(16.8~19.1)V 1/5W 150°C SOD-323 Packing:Reel"
05S5231100-18,IN05S5231100-18,05S5231100-18_LMSZ5231BT1G.btw,3000,"SMD ZENER DIODE, 5.1V 1/2W SOD-123 Packing:Reel"
05S5248000-06,IN05S5248000-06,05S5248000-06_MMSZ5248B-TP.btw,3000,#N/A
05S5400000-06,IN05S5400000-06,05S5400000-06_BAT54WS-TP.btw,3000,CHIP SCHOTTKY DIODE BAT54WS-TP 0.2A/30V 125? SOD-323 Packing:Reel
06S1360201-05,IN06S1360201-05,06S1360201-05_STD13N60M2.btw,6000,SMD N-MOS STD13N60M2 11A/600V RDS(on)=0.38Omax(ID=5.5A) -55~150°C TO-252(DPAK) Packing:Reel
07M1030000-05,IN07M1030000-05,07M1030000-05_TSM103WAIDT.btw,2500,"SMD OPERATIONAL AMPLIFIER IC, TSM103WAIDT SO-8 Vref:2.5V Packing:Reel"
01S1103K11-00,IN01S1103K11-00,01S1103K11-00_110k_0402_1%.btw,10000,"SMD RES 0402, 110K 1/16W 1% -55~155?"
02S1530530-00,IN02S1530530-00,02S1530530-00_0603_153_10%.btw,5000,"SMD CAP 0603, 153K/50V X7R -55~125? ±10%"
07S8900301-54,IN07S8900301-54,07S8900301-54_HC89S003AF4P7TRM.btw,2500,SMD IC HC89S003AF4P7TRM-B -40~105? TSSOP20 Packing:Reel
07S5190001-50,IN07S5190001-50,07S5190001-50_MS51FB9AE.btw,2500,"SMD IC, MS51FB9AE, -40~105? TSSOP20 Packing:Reel"
01S1004210-00,IN01S1004210-00,01S1004210-00_0805_1M_1%.btw,5000,RES SMD 0805 1M 1/8W 1% -55~155°C
01S1501110-00,IN01S1501110-00,01S1501110-00_1206_1K5_1%.btw,5000,RES SMD 1206 1.5K 1/4W 1% -55~155°C
01S2201110-00,IN01S2201110-00,01S2201110-00_1206_2K2_1%.btw,5000,RES SMD 1206 2.2K 1/4W 1% -55~155°C
01S2208121-02,IN01S2208121-02,01S2208121-02_1206_2R2_5%.btw,5000,RES SMD 1206 2.2R 5% -55~155°C
01S3601210-00,IN01S3601210-00,01S3601210-00_0805_3K6_1%.btw,5000,RES SMD 0805 3.6K 1/8W 1% -55~155°C
02S6830530-00,IN02S6830530-00,02S6830530-00_0603_683K_50V_10%.btw,5000,SMD CAP 0603 683K/50V X7R -55~125°C ±10%
05S5246100-18,IN05S5246100-18,05S5246100-18_LMSZ5246BT1G.btw,3000,ZENER DIODE SMD LMSZ5246BT1G 16V 1/2W 125°C SOD-123 PACKING:REEL
01S3001210-00,IN01S3001210-00,01S3001210-00_0805_3K_1% (2).btw,5000,"SMD RES 0805, 3K 1/8W 1% -55~155°C"
01S3601210-00,IN01S3601210-00,01S3601210-00_0805_3K6_1%.btw,5000,RES SMD 0805 3.6K 1/8W 1% -55~155°C
01S0000K21-00,IN01S0000K21-00,01S0000K21-00_0402_0 OHM.btw,10000,SMD RES 0402 0R 1/16W 5% -55~155°C
01S0027Y11-21,IN01S0027Y11-21,01S0027Y11-21_MA251220FR200FZ.btw,5000,SMD RES (METEL ALLOY) 0.2R 2W 1% -55~170°CMA2512
01S0000220-00,IN01S0000220-00,01S0000220-00_0805_0 R_1%.btw,5000,SMD RES 0805 0R 1/8W 5% -55~155°C
01S0000320-00,IN01S0000320-00,01S0000320-00_0603_0OHM.btw,5000,RES SMD 06030R 1/10W 5% -55~155°C
01S1000K11-00,IN01S1000K11-00,01S1000K11-00_0402_100 ohm_1%.btw,10000,SMD RES 0402 100R 1/16W 1% -55~155°C
01S1102K11-00,IN01S1102K11-00,01S1102K11-00_0402_11k_1%.btw,10000,"SMD RES 0402, 11K 1/16W 1% -55~155°C"
01S1803K11-00,IN01S1803K11-00,01S1803K11-00_0402_180K_1%.btw,10000,SMD RES 0402 180K 1/16W 1% -55~155°C
01S3303K11-00,IN01S3303K11-00,01S3303K11-00_0402_330K_1%.btw,10000,SMD RES 0402 330K 1/16W 1% -55~155°C
01S3900K11-00,IN01S3900K11-00,01S3900K11-00_0402_390 OHM_1%.btw,10000,SMD RES 0402 390R 1/16W 1% -55~155°C
01S4303K11-00,IN01S4303K11-00,01S4303K11-00_0402_430K_1%.btw,10000,SMD RES 0402 430K 1/16W 1% -55~155°C
01S4701K11-00,IN01S4701K11-00,01S4701K11-00 _0402_4K7_1%.btw,10000,"SMD RES 0402, 4.7K 1/16W 1% -55~155"
01S5103K11-00,IN01S5103K11-00,01S5103K11-00_0402_510k_1%.btw,10000,"SMD RES 0402, 510K 1/16W 1% -55~155°C"
01S5602K11-00,IN01S5602K11-00,01S5602K11-00_0402_56K_1%.btw,10000,SMD RES 0402 56K 1/16W 1% -55~155°C
01S6801K11-00,IN01S6801K11-00,01S6801K11-00_0402_6k8_1%.btw,10000,"SMD RES 0402, 6.8K 1/16W 1% -55~155°C"
01S0018513-03,IN01S0018513-03,01S0018513-03_RLP25FEER050.btw,5000,SMD RES (METEL ALLOY) 0.05R 2W 1% -55°C~170°CRLP2512
01S1000310-00,IN01S1000310-00,01S1000310-00_0603_100 OHM _1%.btw,5000,SMD RES 0603 100R 1/10W 1% -55~155°C
01S1001210-00,IN01S1001210-00,01S1001210-00_0805_1k_1%.btw,5000,RES SMD 0805 1K 1/8W 1% -55~155°C 0805
01S1003210-00,IN01S1003210-00,01S1003210-00_0805_100K_1%.btw,5000,"SMD RES 0805, 100K 1/8W 1% -55~155°C"
01S1102210-00,IN01S1102210-00,01S1102210-00_0805_11k_1%.btw,5000,SMD RES 0805 11K 1/8W 1% -55~155°C
01S1202310-00,IN01S1202310-00,01S1202310-00_0603_12K_1%.btw,5000,SMD RES 0603 12K 1/10W 1% -55~155°C
01S1203310-00,IN01S1203310-00,01S1203310-00_0603_120k_1%.btw,5000,RES SMD 0603 120K 1/10W 1% -55to155 Degree celsius
01S1301110-00,IN01S1301110-00,01S1301110-00_1206_1k3_1%.btw,5000,"SMD RES 1206, 1.3K 1/4W 1% -55~155?"
01S1500310-00,IN01S1500310-00,01S1500310-00_0603_150 ohm _1%.btw,5000,"SMD RES 0603, 150R 1/10W 1% -55~155°C"
01S1502340-00,IN01S1502340-00,01S1502340-00_15k_1%.btw,5000,SMD RES 0603 15K 1/10W 0.1% -55~125°C
01S1504110-00,IN01S1504110-00,01S1504110-00+1206_1.5M_1%.btw,5000,SMD RES 1206 1.5M 1/4W 1% -55~155°C Automotive grade
01S1504310-00,IN01S1504310-00,01S1504310-00_0603_1m5_1%.btw,5000,SMD RES 0603 1.5M 1/10W 1% -55~155°C
01S1801310-00,IN01S1801310-00,01S1801310-00_0603_1K8_1%.btw,5000,"SMD RES 0603, 1.8K 1/10W 1% -55~155°C"
01S1802110-00,IN01S1802110-00,01S1802110-00_1206_18k_1%.btw,5000,"SMD RES 1206, 18K 1/4W 1% -55~155°C"
01S2000110-00,IN01S2000110-00,01S2000110-00_1206_200 OHM _1%.btw,5000,"SMD RES 1206, 200R 1/4W 1% -55~155?"
01S2001110-00,IN01S2001110-00,01S2001110-00_1206_2K_1%.btw,5000,SMD RES 1206 2K 1/4W 1% -55~155°C
01S2002110-00,IN01S2002110-00,01S2002110-00_1206_20K_1%.btw,5000,SMD RES 1206 20K 1/4W 1% -55~155°C
01S2002340-00,IN01S2002340-00,01S2002340-00_20K_1%.btw,5000,"SMD RES 0603, 20K 1/10W 0.1% -55~155°C"
01S2003210-00,IN01S2003210-00,01S2003210-00_0805_200K_1%.btw,5000,"SMD RES 0805, 200K 1/8W 1% -55~155°C"
01S2700210-00,IN01S2700210-00,01S2700210-00_0805_270OHM_1%.btw,5000,SMD RES 0805 270R 1/8W 1% -55~155°C
01S2703210-00,IN01S2703210-00,01S2703210-00_0805_270_1%.btw,5000,SMD RES 0805 270K 1/8W 1% -55~155°C
01S2707210-00,IN01S2707210-00,01S2707210-00_0805_27ohm_1%.btw,5000,SMD RES 0805 27R 1/8W 1% -55~155°C
01S2708110-00,IN01S2708110-00,01S2708110-00_1206_2R7_1%.btw,5000,SMD RES 1206 2.7R 1/4W 1% -55~155°C
01S3000110-00,IN01S3000110-00,01S3000110-00_1206_300r_1%.btw,5000,SMD RES 1206 300R 1/4W 1% -55~155°C
01S3004110-00,IN01S3004110-00,01S3004110-00_1206_3M_1%.btw,5000,SMD RES 1206 3M 1/4W 1% -55~155°C Automotive grade
01S3300310-00,IN01S3300310-00,01S3300310-00_0603_330 OHM_1%.btw,5000,SMD RES 0603 330R 1/10W 1% -55~155°C
01S3302310-00,IN01S3302310-00,01S3302310-00_0603_33k_1%.btw,5000,SMD RES 0603 33K 1/10W 1% -55~155°C
01S3303310-00,IN01S3303310-00,01S3303310-00_0603_330k_1%.btw,5000,SMD RES 0603 330K 1/10W 1% -55~155°C
01S3308121-02,IN01S3308121-02,01S3308121-02_1206_3R3.btw,5000,SMD RES 1206 3.3R 5% -55~155? Anti-Surge
01S3308310-00,IN01S3308310-00,01S3308310-00_0603_3R3_1%.btw,5000,SMD RES 0603 3.3R 1/10W 1% -55~155°C
01S3602310-00,IN01S3602310-00,01S3602310-00_0603_36k_1%.btw,5000,SMD RES 0603 36K 1/10W 1% -55~155°C
01S3602340-00,IN01S3602340-00,01S3602340-00_0603_36K.btw,5000,SMD RES 0603 36K 1/10W 0.1% -55~155°C
01S3901310-00,IN01S3901310-00,01S3901310-00_0603_3K9_1%.btw,5000,SMD RES 0603 3.9K 1/10W 1% -55~155°C
01S4701110-00,IN01S4701110-00,01S4701110-00_1206_4K7_1%.btw,5000,"SMD RES 1206, 4.7K 1/4W 1% -55~155?"
01S4707310-00,IN01S4707310-00,01S4707310-00_47 ohm_1%.btw,5000,SMD RES 0603 47R 1/10W 1% -55~155°C
01S5100210-00,IN01S5100210-00,01S5100210-00_0805_510 OHM_1%.btw,5000,SMD RES 0805 510R 1/8W 1% -55~155°C
01S5103210-00,IN01S5103210-00,01S5103210-00_0805_510_1%.btw,5000,SMD RES 0805 510K 1/8W 1% -55~155°C
01S5103310-00,IN01S5103310-00,01S5103310-00_0603_510K_1%.btw,5000,SMD RES 0603 510K 1/10W 1% -55~155°C
01S6202210-00,IN01S6202210-00,01S6202210-00_0805_62K_1%.btw,5000,SMD RES 0805 62K 1/8W 1% -55~155°C
01S6202310-00,IN01S6202310-00,01S6202310-00_0603_62k_1%.btw,5000,SMD RES 0603 62K 1/10W 1% -55~155°C
01S6203210-00,IN01S6203210-00,01S6203210-00_0805_620K_1%.btw,5000,SMD RES 0805 620K 1/8W 1% -55~155°C
01S6801110-00,IN01S6801110-00,01S6801110-00_1206_6k8_1%.btw,5000,SMD RES 1206 6.8K 1/4W 1% -55~155°C
01S6803110-00,IN01S6803110-00,01S6803110-00_1206_680k.btw,5000,SMD RES 1206 680K 1/4W 1% -55~155°C Automotive grade
01S8200310-00,IN01S8200310-00,01S8200310-00_0603_820 OHM_1%.btw,5000,SMD RES 0603 820R 1/10W 1% -55~155?
01S8202110-00,IN01S8202110-00,01S8202110-00_1206_82k_1%.btw,5000,SMD RES 1206 82K 1/4W 1% -55~155?
02S1020860-00,IN02S1020860-00,02S1020860-00_0805_100v_10%_1nnf.btw,3000,CAP SMD 0805 102K/100V X7R -55~125°C ±10%
02S2240560-00,IN02S2240560-00,02S2240560-00_0805_220NF_10%.btw,3000,SMD CAP 0805 224K/50V X7R -55~125°C ±10%
02S4700530-00,IN02S4700530-00,02S4700530-00_0603_0.047nf.btw,5000,SMD CAP 0603(47PF)470J/50V COG -55~125°C ±5%
02S4740360-00,IN02S4740360-00,02S4740360-00_0805_470NF_10%.btw,3000,SMD CAP 0805 474K/25V X7R -55~125°C±10%
05S1414801-17,IN05S1414801-17,05S1414801-17_1N4148WS.btw,3000,DIODE SMD 1N4148WS 0.15A/75V 150°C SOD-323 Packing:Reel
05S2000000-03,IN05S2000000-03,05S2000000-03_ES2D-A2A.btw,3000,SMD DIODE ES2D-A 2A/200V VF=0.92Vmax(IF=2A) 150°C SMA(DO-214AC) Packing:Reel
05S2100000-06,IN05S2100000-06,05S2100000-06_BAV21W-TP.btw,3000,SMD U-FAST DIODE 0.2A/250V SOD-123 Packing:Reel
05S2100001-06,IN05S2100001-06,05S2100001-06_BAV21WS-TP.btw,3000,#N/A
05S5223000-06,IN05S5223000-06,05S5223000-06_MMSZ5223B=TP.btw,3000,#N/A
05S5240100-18,IN05S5240100-18,05S5240100-18_LMSZ5240BT1G.btw,3000,SMD ZENER DIODE 10V 1/2W SOD-123 Packing:Reel
05S5246001-06,IN05S5246001-06,05S5246001-06_MMSZ5246B-TP.btw,3000,#N/A
05S5250000-06,IN05S5250000-06,05S5250000-06_MMSZ5250B-TP.btw,3000,#N/A
05S5257100-18,IN05S5257100-18,05S5257100-18_LMSZ5257BT1G.btw,3000,SMD ZENER DIODE 33V 1/2W SOD-123 Packing:Reel
05S5266000-18,IN05S5266000-18,05S5266000-18_LMSZ5266BT1G.btw,3000,SMD ZENER DIODE LMSZ5266BT1G 68(64.6~71.4)V -50~150°C1/2W SOD-123 Reel
06S0951001-40,IN06S0951001-40,06S0951001-40_NCEP095N10AG.btw,6000,"SMD NCEP095N10AG 60A/100V RDS(on)=9.5mOmax(ID=30A),-55~150°C,DFN5*6-8L Packing:Reel"
06S5551100-24,IN06S5551100-24,06S5551100-24_LMBT5551LT1G.btw,2500,TRANSISTOR SMD LMBT5551LT1G 0.6A/160V NPN -55~150°C SOT-23 PACKING :REEL
06S5616003-33,IN06S5616003-33,06S5616003-33_BCX56A-16-TP.btw,2500,SMD TRANSISTOR BCX56A-16-TP 1A/100V NPN -55~150? SOT-89 Packing:Reel
07G2904000-07,IN07G2904000-07,07G2904000-07_LM2904DR.btw,2500,"SMD OPERATIONAL AMPLIFIER IC, LM2904DR SO-8 Packing:Reel"
07S1001001-35,IN07S1001001-35,07S1001001-35_HR1001AGS-Z.btw,2500,SMD IC HR1001AGS-Z -40~125°C SOIC-16 Packing:Reel
07S1611001-02,IN07S1611001-02,07S1611001-02_NCP1611ADR2G.btw,2500,SMD IC NCP1611ADR2G VCCon:10.5V -40~125°C SOIC-8 Packing:Reel
07S2903300-07,IN07S2903300-07,07S2903300-07_LM2903DR.btw,2500,"SMD VOLTAGE COMPARATORS IC, LM2903DR -40~125°C SO-8 Packing:Reel"
07S6924001-35,IN07S6924001-35,07S6924001-35_MP6924GS-Z.btw,2500,SMD IC MP6924GS-Z -40~125? SOIC-8 Packing:Reel
01S2403310-00,IN01S2403310-00,01S2403310-00_0603_240K_1%.btw,5000,SMD RES 0603 240K 1/10W 1% -55~155°C
01S3001310-00,IN01S3001310-00,01S3001310-00_0603_3K_1%.btw,5000,RES SMD 0603 3K 1/10W 1% -55~155°C
01S9102310-00,IN01S9102310-00,01S9102310-00_0603_91K_1%.btw,5000,SMD RES 0603 91K 1/10W 1% -55~155°C
04S6010501-16,IN04S6010501-16,04S6010501-16_SB5-A600XHC.btw,3000,SMD GAS DICHARGE TUBE S5B-A600XHC(480~720V) 5*5.4*5.4 -40~125°C SMD Packing:Reel
01S1004K11-00,IN01S1004K11-00,01S1004K11-00_0402_1M_1%.btw,10000,SMD RES 0402 1M 1/16W 1% -55~155°C
01S1008Y11-02,IN01S1008Y11-02,01S1008Y11-02_1206_1R0_1%.btw,5000,SMD RES 1206 1R 1% -55~155°C ANTI SURGE
01S1200K11-00,IN01S1200K11-00,01S1200K11-00_0402_120 OHM_1%.btw,10000,RES SMD 0402 120R 1/16W 1% -55~155?
01S2003K11-00,IN01S2003K11-00,01S2003K11-00_0402_200K_1%.btw,10000,SMD RES 0402 200K 1/16W 1% -55~155°C
01S2401K11-00,IN01S2401K11-00,01S2401K11-00_0402_2K4_1%.btw,10000,RES SMD 0402 2.4K 1/16W 1% -55~155°C
01S2403K11-00,IN01S2403K11-00,01S2403K11-00_0402_240K_1%.btw,10000,SMD RES 0402 240K 1/16W 1% -55~155°C
01S5600K11-00,IN01S5600K11-00,01S5600K11-00_0402_560 OHM_1% (1).btw,10000,SMD RES 0402 560R 1/16W 1% -55~155°C
01S5601K11-00,IN01S5601K11-00,01S5601K11-00_0402_5K6_1%.btw,10000,SMD RES 0402 5.6K 1/16W 1% -55~155°C
01S5607K11-00,IN01S5607K11-00,01S5607K11-00_0402_56 OHM.btw,10000,SMD RES 0402 56R 1/16W 1% -55~155°C
01S6800K11-00,IN01S6800K11-00,01S6800K11-00_0402_680 r_1%.btw,10000,SMD RES 0402 680R 1/16W 1% -55~155°C
01S7503K11-00,IN01S7503K11-00,01S7503K11-00_0402_750K_1%.btw,10000,SMD RES 0402 750K 1/16W 1% -55~155°C
01S8200K11-0,IN 01S8200K11-0,01S8200K11-00_0402_820 OHM_1%.btw,#N/A,#N/A
01S8203K11-00,IN01S8203K11-00,01S8203K11-00_0402_820K_1%.btw,10000,RES SMD 0402 820K 1/16W 1% -55~155°C
01S1000210-00,IN01S1000210-00,01S1000210-00_0805_100 ohm_1%.btw,5000,SMD RES 0805 100R 1/8W 1% -55~155°C
01S1002311-13,IN01S1002311-13,01S1002311-13_JSNB103F344F.btw,5000,SMD THERMISTER RES 0603 10K 1/10W 1% -40~12 NTC PACKING:REEL
01S1007221-02,IN01S1007221-02,01S1007221-02_0805_10R_5%.btw,5000,RES SMD 0805 10R 5% -55~155°C
01S1104110-00,IN01S1104110-00,01S1104110-00_1206_1M1_1%.btw,5000,SMD RES 1206 1.1M 1/4W 1% -55~155°C
01S1202110-00,IN01S1202110-00,01S1202110-00_1206_12K_1%.btw,5000,SMD RES 1206 12K 1/4W 1% -55~155°C
01S1208110-00,IN01S1208110-00,01S1208110-00_1206_1.2r_1%.btw,5000,SMD RES 1206 1.2R 1/4W 1% -55~155°C
01S1603110-00,IN01S1603110-00,01S1603110-00_1206_160K_1%.btw,5000,RES SMD 1206 160K 1/4W 1% -55~155°C
01S1801110-00,IN01S1801110-00,01S1801110-00_1206_1k8_1%.btw,5000,SMD RES 1206 1.8K 1/4W 1% -55~155°C
01S1803310-00,IN01S1803310-00,01S1803310-00_0603_180K_1%.btw,5000,SMD RES 0603 180K 1/10W 1% -55~155°C
01S2001210-00,IN01S2001210-00,01S2001210-00_0805_2.0K_1%.btw,5000,RES SMD 0805 2K 1/8W 1% -55~155°C
01S2408110-00,IN01S2408110-00,01S2408110-00_1206_2R4_1%.btw,5000,SMD RES 1206 2.4R 1/4W 1% -55~155°C
01S3002110-00,IN01S3002110-00,01S3002110-00_1206_30K_1%.btw,5000,SMD RES 1206 30K 1/4W 1% -55~155°C
01S3302210-00,IN01S3302210-00,01S3302210-00_0805_33K_1%.btw,5000,SMD RES 0805 33K 1/8W 1% -55~155°C
01S3602210-00,IN01S3602210-00,01S3602210-00_0805_36K_1%.btw,5000,SMD RES 0805 36K 1/8W 1% -55~155°C
01S4303110-00,IN01S4303110-00,01S4303110-00_1206_430K_1%.btw,5000,SMD RES 1206 430K 1/4W 1% -55~155°C
01S5107210-00,IN01S5107210-00,01S5107210-00_0805_51OHM_1%.btw,5000,SMD RES 0805 51R 1/8W 1% -55~155°C
01S6203110-00,IN01S6203110-00,01S6203110-00_1206_620K_1%.btw,5000,SMD RES 1206 620K 1/4W 1% -55~155°C
01S6802110-00,IN01S6802110-00,01S6802110-00_1206_68K_1%.btw,5000,SMD RES 1206 68K 1/4W 1% -55~155°C
01S8201110-00,IN01S8201110-00,01S8201110-00_1206_8K2_1% (2).btw,5000,SMD RES 1206 8.2K 1/4W 1% -55~155?
01S8201340-00,IN01S8201340-00,01S8201340-00_0603_8K2_1%.btw,5000,SMD RES 0603 8.2K 1/10W 0.1% -55~155°C
01S8202310-00,IN01S8202310-00,01S8202310-00_0603_82K_1%.btw,5000,"SMD RES 0603, 82K 1/10W 1% -55~155?"
01S8203110-00,IN01S8203110-00,01S8203110-00_1206_820K_1%.btw,5000,SMD RES 1206 820K 1/4W 1% -55~155°C
01S9101310-00,IN01S9101310-00,01S9101310-00_0603_9K1_1%.btw,5000,SMD RES 0603 9.1K 1/10W 1% -55~155°C
02S1510501-00,IN02S1510501-00,02S1510501-00_0402_150PF_5%.btw,10000,SMD CAP 0402 151J/50V COG -55~125°C ±5%
02S2220530-00,IN02S2220530-00,02S2220530-00_0603_2.2NF_10%.btw,5000,SMD CAP 0603 222K/50V X7R -55~125°C±10%
02S2250590-00,IN02S2250590-00,02S2250590-00_1206_2.2UF_10%.btw,3000,SMD CAP 1206 225K/50V X7R -55~125°C ±10%
02S3300521-00,IN02S3300521-00,02S3300521-00_0402_33 PF_5%.btw,10000,"SMD CAP 0402, 330J/50V COG -55~125°C ±5%"
02S6840360-00,IN02S6840360-00,02S6840360-00_0805_680NF_10%.btw,3000,SMD CAP 0805 684K/25V X7R -55~125°C ±10%
04S2206201-20,IN04S2206201-20,04S2206201-20_SMBJ22CA.btw,3000,SMD TVS DIODE SMBJ22CA(24.4-26.9V) -65~150°C SMB(DO-214AA) Packing:Reel
04S3620001-21,IN04S3620001-21,04S3620001-21_B5G3600-C.btw,3000,SMD GAS DISCHARGE TUBE B5G3600-C(2880~4320V) 6.0*5.5*5.5 -40~125°CSMD Packing:Reel
05S1080001-18,IN05S1080001-18,05S1080001-18_EFM108.btw,3000,SMD U-FAST DIODE EFM108 1A/600V VF=1.7Vmax(IF=1A) -50~150°C DO-214AC Packing:Reel
05S1150001-18,IN05S1150001-18,05S1150001-18_SM11150A.btw,3000,#N/A
05S4148001-41,IN05S4148001-41,05S4148001-41_1N4148WS.btw,3000,SMD SWITCHING DIODE 1N4148WS 0.15A/75V VF=1.25Vmax(IF=0.15A) 125°C SOD-323 Packing:Reel
05S4700001-18,IN05S4700001-18,05S4700001-18_FM407.btw,3000,SMD RECTIFIER DIODE FM407 1A/1KV VF=1.1Vmax(IF=1A) -50-150°C DO-214AC Packing:Reel
05S5252100-18,IN05S5252100-18,05S5252100-18_LMSZ5252BT1G.btw,3000,SMD ZENER DIODE 24V 1/2W SOD-123 Packing:Reel
05S5264000-18,IN05S5264000-18,05S5264000-18_LMSZ5264BT1G.btw,3000,SMD ZENER DIODE LMSZ5264BT1G 60(57~63)V -50~150°C 1/2W SOD-123 Packing:Reel
06S5506501-42,IN06S5506501-42,06S5506501-42_CRJD550N65G2.btw,2500,SMD N-MOS CRJD550N65G2 8A/600V RDS(on)=0.55Omax(ID=4A) -55~150°C TO-252 Packing:Reel
06S6036001-07,IN06S6036001-07,06S6036001-07_IPD60R360P7S.btw,2500,#N/A
06S6055001-40,IN06S6055001-40,06S6055001-40_NCEP6055AGU.btw,2500,SMD N- CHANNEL MOSFET NCEP6055AGU 55A/60V RDS(on)=7.5mOmax(ID=25A) -55~150°C DFN5*6-8L Packing:Reel
06S7652002-23,IN06S7652002-23,06S7652002-23_SVSP7N65DD2TR.btw,2500,SMD N-MOS SVSP7N65DD2TR 7A/600V RDS(on)=0.64Omax(ID=3.5A) -55~150°CTO-252-2L Packing:Reel
06S8045701-07,IN06S8045701-07,06S8045701-07_SP001422632.btw,2500,SMD MOS IPD80R4K5P7 1.5A/800V RDS(on)=4.5Omax(ID=0.4A) -55~150°C TO-252(DPAK) Packing:Reel
07S3008201-02,IN07S3008201-02,07S3008201-02_NCL30082DDR2G.btw,2500,SMD IC NCL30082DDR2G -40~125°CSOIC-8 Packing:Reel
01S1501110-00,IN01S1501110-00,01S1501110-00_1206_1K5_1%.btw,5000,RES SMD 1206 1.5K 1/4W 1% -55~155°C
01S1803110-00,IN01S1803110-00,01S1803110-00_1206 180K 14W 1%.btw,5000,SMD RES 1206 180K 1/4W 1% -55~155?
04S6010501-16,IN04S6010501-16,04S6010501-16_SB5-A600XHC.btw,3000,SMD GAS DICHARGE TUBE S5B-A600XHC(480~720V) 5*5.4*5.4 -40~125°C SMD Packing:Reel
05S1000004-06,IN05S1000004-06,05S1000004-06_US1M-TP.btw,5000,US1M-TP 1A/1KV VF=1.7Vmax(IF=1A) TRR=75ns -65~150°C SMA(DO-214AC) Packing:Reel
05S5256100-18,IN05S5256100-18,05S5256100-18_LMSZ5256BT1G.btw,3000,LMSZ5256BT1G 30V 1/2W 125? SOD-123 Packing:Reel ALTENATE CODE 05S5256000-06)
01S1201K11-00,IN01S1201K11-00,01S1201K11-00_0402_1K2_1%.btw,10000,RES SMD 0402 1.2K 1/16W 1% -55~155?
01S5603310-00,IN01S5603310-00,01S5603310-00_0603_560K_1%.btw,5000,SMD RES 0603 560K 1/10W 1% -55~155°C
01S1201K11-00,IN01S1201K11-00,01S1201K11-00_0402_1K2_1%.btw,10000,RES SMD 0402 1.2K 1/16W 1% -55~155?
01S7501K11-00,IN01S7501K11-00,01S7501K11-00_0402_7k5_1%.btw,10000,RES SMD 0402 7.5K 1/16W 1% -55~155°C
01S5603310-00,IN01S5603310-00,01S5603310-00_0603_560K_1%.btw,5000,SMD RES 0603 560K 1/10W 1% -55~155°C
02S3321401-37,IN02S3321401-37,02S3321401-37_TGY2332ME.btw,3000,SMD Y2-CAP(TGY2332ME-Y) 332M/300V TL 2E(Y5U) -25~85?(125?) +22/-56% ±20% 6.0*5.4*2.38 Packing:Reel
02S6820530-00,IN02S6820530-00,02S6820530-00_0603_682_10%_50v.btw,5000,SMD CAP 0603 682K/50V X7R -55~125°C±10%
07S2516802-05,IN07S2516802-05,07S2516802-05_ST25DV16K-IER8T3.btw,2500,SMD IC ST25DV16K-IER8T3 -40~125? TSSOP8 Packing:Reel(upgrade)
07S7600301-50,IN07S7600301-50,07S7600301-50_N76E003AT20.btw,2500,SMD IC N76E003AT20 -40~105? TSSOP20 Packing:Reel
01S1102110-00,IN01S1102110-00,01S1102110-00_1206_11k_1%.btw,5000,#N/A
01S1202210-00,IN01S1202210-00,01S1202210-00-0805_12K_1%.btw,5000,RES SMD 0805 12K 1/8W 1% -55~155°C
01S3902210-00,IN01S3902210-00,01S3902210-00_0805_39K_1%.btw,5000,RES SMD 0805 39K 1/8W 1% -55~155°C
01S6200210-00,IN01S6200210-00,01S6200210-00_0805_620 OHM_1%.btw,5000,RES SMD 0805 620R 1/8W 1% -55~155°C
06S5616000-10,IN06S5616000-10,06S5616000-10_BCX56-16T.btw,2500,SMD TRANSISTOR BCX56-16TF 1A/80V NPN 150°C SOT-89 Packing:Reel
07S3930001-49,IN07S3930001-49,07S3930001-49_LM393A.btw,2500,CHIP Voltage Comparators IC LM393A-SR -40~125? SO-8 Packing:Reel
07G2904000-07,IN07G2904000-07,07G2904000-07_LM2904DR.btw,2500,"SMD OPERATIONAL AMPLIFIER IC, LM2904DR SO-8 Packing:Reel"
06S7002001-10,IN06S7002001-10,06S7002001-10_NX7002BK.btw,2500,#N/A
06S6955001-05,IN06S6955001-05,06S6955001-05_STD6N95K5.btw,2500,#N/A
06S2907001-33,IN06S2907001-33,06S2907001-33_mmbt2907a-tp.btw,3000,#N/A
06S2907001-10,IN06S2907001-10,06S2907001-10_PMBT2907A.btw,3000,#N/A
06S2222001-33,IN06S2222001-33,06S2222001-33_MMBT2222A.btw,2500,#N/A
05S5410001-18,IN05S5410001-18,05S5410001-18_BAT64WS-TP3.btw,3000,SMD SHOTTKY DIODE 0.2A/30V SOD-323 Packing:Reel
05S1000002-06,IN05S1000002-06,05S1000002-06_ES1J-LTP.btw,3000,SMD U FAST DIODE ES1J-LTP 1A/600V VF=1.7Vmax(IF=1.0A) 175? SMA(DO-214AC) Packing:Reel
04S6010002-16,IN04S6010002-16,04S6010002-16_S32-A600.btw,3000,#N/A
02S6830201-00,IN02S6830201-00,IN02S6830201-00_68NF_10%.btw,10000,"SMD CAP 0402, 683K/16V X7R -55~125? ±10%"
01S1002340-00,IN01S1002340-00,01S1002340-00_10K_0603_1%.btw,5000,#N/A
01S0048511-21,IN01S0048511-21,01S0048511-21_MA251220FR040FZ.btw,5000,"SMD RES (METAL Alloy) 2512, 0.04R 2W 1% -55~170? MA2512"
01S8200K11-00,IN01S8200K11-00,IN01S8200K11-00_820 OHM 1%.btw,10000,SMD RES 0402 820R 1/16W 1% -55~155°C
01S2203K11-00,IN01S2203K11-00,01S2203K11-00_0402_220K_1%.btw,10000,"SMD RES 0402, 220K 1/16W 1% -55~155?"
05S5250100-18,IN05S5250100-18,05S5250100-18_MMSZ5250B-TP.btw,3000,SMD ZENER DIODE LMSZ5250BT1G 20V 1/2W 125°C SOD-123 Packing:Reel
05S5223100-18,IN05S5223100-18,05S5223100-18_LMSZ5223BT1G.btw,3000,SMD ZENER DIODE 2.7V 1/2W SOD-123 Packing:Reel
02S2200552-00,IN02S2200552-00,02S2200552-00_220_50v_22%.btw,10000,#N/A
02S4700532-00,IN02S4700532-00,02S4700532-00_47PF_2%_50V..btw,10000,SMD CAP 0402 470G/50V COG -55~125? ±2%
01S0028511-03,IN01S0028511-03,01S0028511-03_0.03r 1%.btw,5000,SMD RES (METAL ALLOY) 0.03R 2W 1% -55~170? RLP2512
07S3203101-05,IN07S3203101-05,07S3203101-05_STM32L031G6U7TR.btw,2500,
07P1700000-05,IN07P1700000-05,07P1700000-05_VIPER17HDTR.btw,2500,
06S2222001-10,IN06S2222001-10,06S2222001-10_PMBT2222A.btw,2500,TRANSISTOR SMD PMBT2222A 600mA/40V NPN 150? SOT23 PACKING REEL(ALTERNATE CODE :06S2222001-24 )
06S1060201-05,IN06S1060201-05,06S1060201-05_STD10N60M2.btw,6000,
05S5258100-18,IN05S5258100-18,05S5258100-18_LMSZ5258BT.btw,3000,
05S5250100-18,IN05S5250100-18,05S5250100-18_MMSZ5250B-TP.btw,3000,SMD ZENER DIODE LMSZ5250BT1G 20V 1/2W 125°C SOD-123 Packing:Reel
05S5223100-18,IN05S5223100-18,05S5223100-18_LMSZ5223BT1G.btw,3000,SMD ZENER DIODE 2.7V 1/2W SOD-123 Packing:Reel
05S2110001-18,IN05S2110001-18,05S2110001-18_LBAS21HT1G.btw,3000,
02S4700532-00,IN02S4700532-00,02S4700532-00_47PF_2%_50V..btw,10000,SMD CAP 0402 470G/50V COG -55~125? ±2%
02S2200552-00,IN02S2200552-00,02S2200552-00_220_50v_22%.btw,10000,#N/A
01S9102210-00,IN01S9102210-00,01S9102210-00_0805_91K_1%.btw,5000,
01S4708110-00,IN01S4708110-00,01S4708110-00_1206_4K7_1%.btw,5000,RES SMD 1206 4.7R 1/4W 1% -55~155°C
01S2701110-00,IN01S2701110-00,01S2701110-00_1206_2K7_1%.btw,5000,
01S1502210-00,IN01S1502210-00,01S1502210-00_0808_15K_1%.btw,5000,
01S1301210-00,IN01S1301210-00,01S1301210-00_0805_1K3_1%.btw,5000,SMD RES 0805 1.3K 1/8W 1% -55~155°C
01S1202310-00,IN01S1202310-00,01S1202310-00_0603_12K_1%.btw,5000,SMD RES 0603 12K 1/10W 1% -55~155°C
01S0028511-03,IN01S0028511-03,01S0028511-03_0.03r 1%.btw,5000,SMD RES (METAL ALLOY) 0.03R 2W 1% -55~170? RLP2512
01S8200K11-00,IN01S8200K11-00,IN01S8200K11-00_820 OHM 1%.btw,10000,SMD RES 0402 820R 1/16W 1% -55~155°C
01S5104K11-00,IN01S5104K11-00,01S5104K11-00_0402_5M1_1%.btw,10000,